Workbook

Sheet Resumen
A1: Plan de pruebas — Vicaria de los Pobres, Pastoral de Adicciones
A2: Casos manuales (TC) y automatizados (TA) de los Sprint 1, 2 y 3. Se actualiza con los contadores de las hojas.
A4: Tipo | B4: Sprint | C4: Total | D4: OK | E4: Falla | F4: Bloqueado | G4: Pendiente
A5: Manuales (TC) | B5: Sprint 1-2 | C5: =COUNTIF('Parte A - Manuales'!$B$2:$B$147,B5) | D5: =COUNTIFS('Parte A - Manuales'!$B$2:$B$147,B5,'Parte A - Manuales'!$J$2:$J$147,"OK") | E5: =COUNTIFS('Parte A - Manuales'!$B$2:$B$147,B5,'Parte A - Manuales'!$J$2:$J$147,"Falla") | F5: =COUNTIFS('Parte A - Manuales'!$B$2:$B$147,B5,'Parte A - Manuales'!$J$2:$J$147,"Bloqueado") | G5: =COUNTIFS('Parte A - Manuales'!$B$2:$B$147,B5,'Parte A - Manuales'!$J$2:$J$147,"Pendiente")
A6: Manuales (TC) | B6: Sprint 3 | C6: =COUNTIF('Parte A - Manuales'!$B$2:$B$147,B6) | D6: =COUNTIFS('Parte A - Manuales'!$B$2:$B$147,B6,'Parte A - Manuales'!$J$2:$J$147,"OK") | E6: =COUNTIFS('Parte A - Manuales'!$B$2:$B$147,B6,'Parte A - Manuales'!$J$2:$J$147,"Falla") | F6: =COUNTIFS('Parte A - Manuales'!$B$2:$B$147,B6,'Parte A - Manuales'!$J$2:$J$147,"Bloqueado") | G6: =COUNTIFS('Parte A - Manuales'!$B$2:$B$147,B6,'Parte A - Manuales'!$J$2:$J$147,"Pendiente")
A7: Automatizados (TA) | B7: Sprint 1-2 | C7: =COUNTIF('Parte B - Automatizados'!$B$2:$B$431,B7) | D7: =COUNTIFS('Parte B - Automatizados'!$B$2:$B$431,B7,'Parte B - Automatizados'!$J$2:$J$431,"OK") | E7: =COUNTIFS('Parte B - Automatizados'!$B$2:$B$431,B7,'Parte B - Automatizados'!$J$2:$J$431,"Falla") | F7: =COUNTIFS('Parte B - Automatizados'!$B$2:$B$431,B7,'Parte B - Automatizados'!$J$2:$J$431,"Bloqueado") | G7: =COUNTIFS('Parte B - Automatizados'!$B$2:$B$431,B7,'Parte B - Automatizados'!$J$2:$J$431,"Pendiente")
A8: Automatizados (TA) | B8: Sprint 3 | C8: =COUNTIF('Parte B - Automatizados'!$B$2:$B$431,B8) | D8: =COUNTIFS('Parte B - Automatizados'!$B$2:$B$431,B8,'Parte B - Automatizados'!$J$2:$J$431,"OK") | E8: =COUNTIFS('Parte B - Automatizados'!$B$2:$B$431,B8,'Parte B - Automatizados'!$J$2:$J$431,"Falla") | F8: =COUNTIFS('Parte B - Automatizados'!$B$2:$B$431,B8,'Parte B - Automatizados'!$J$2:$J$431,"Bloqueado") | G8: =COUNTIFS('Parte B - Automatizados'!$B$2:$B$431,B8,'Parte B - Automatizados'!$J$2:$J$431,"Pendiente")
A9: Total | C9: =SUM(C5:C8) | D9: =SUM(D5:D8) | E9: =SUM(E5:E8) | F9: =SUM(F5:F8) | G9: =SUM(G5:G8)
A11: Última ejecución (2026-10-09, rama dev)
A12: Backend: 246 pruebas unitarias y 240 de integración, todas OK.
A13: Frontend: 20 archivos / 51 pruebas y build de producción, OK.
A14: UI en navegador real (Playwright): 33 de 33 verificaciones OK en el flujo de Sprint 3.
A15: Prueba de humo por rol (Referente, Directora, Escucha, Coordinador): 11 de 15 pantallas OK; las 4 restantes son /inicio (ver Defectos y pendientes).
A16: QA manual Sprint 1-2 (TC-01 a TC-40): 40 de 40 OK el 2026-10-06.
A18: Épicas / historias cubiertas
A19: Sprint 1-2: EP-01 Fichas de personas · EP-02 Observaciones e historia de vida · EP-03 Cuentas, roles y notificaciones · EP-10 Asistencia · EP-12 Casa de Convivencia
A20: Sprint 3: EP-04 Calendario general y personal (SCRUM-15, 16, 17) · EP-05 Colaboradores (SCRUM-18, 19) y visitas de la Casa de Convivencia (SCRUM-74)
A22: Hojas
A23: Parte A - Manuales: un caso por fila con sus pasos; el estado se completa desde la lista desplegable.
A24: Pasos TC: los TC del Sprint 1-2 con una fila por paso (#, Paso, Dato, Esperamos).
... A26: Defectos y pendientes: hallazgos de la ejecución y decisiones abiertas.

Sheet Parte A - Manuales
A1: ID | B1: Sprint | C1: Módulo | D1: Título | E1: Description | F1: Pre-conditions | G1: Jira Requirement | H1: Pasos (Paso → Esperamos) | I1: Test (xUnit) / Script | J1: Estado | K1: Fecha de ejecución | L1: Ejecutó | M1: Observaciones
A2: TC-01 | B2: Sprint 1-2 | C2: Registro y autenticación | D2: Validar que un usuario pueda registrarse y quede en estado Pendiente | E2: Cubre el criterio de aceptación de RF-01: cualquier persona puede registrarse y la cuenta queda con estado "Pendiente" hasta la aprobación de un Referente. | F2: El usuario no posee una cuenta previa en el sistema. El correo electrónico a utilizar no está registrado. | G2: SCRUM-12 | H2: 1. Ingresar a la pantalla de Registro desde el login. → Se muestra el formulario de registro con los campos nombre, correo y contraseña. 2. Completar los campos obligatorios y hacer clic en Registrarme. → El sistema crea la cuenta y muestra un mensaje de confirmación. 3. Intentar iniciar sesión con las credenciales recién creadas. → El sistema informa que la cuenta está "Pendiente de aprobación" y no permite el acceso. | J2: OK | K2: 2026-10-06 | L2: Mateo Pavoni
A3: TC-02 | B3: Sprint 1-2 | C3: Registro y autenticación | D3: Validar que un Referente pueda aprobar una cuenta pendiente y asignar un rol | E3: Cubre el criterio de aceptación de RF-01 vinculado a la aprobación de cuentas por parte de un Referente. | F3: Existe al menos una cuenta con estado "Pendiente". El usuario logueado tiene el rol Referente. | G3: SCRUM-12 | H3: 1. Ingresar al panel de Gestión de Usuarios. → Se muestra el listado de cuentas con su estado (Pendiente / Activa / Desactivada). 2. Seleccionar una cuenta con estado Pendiente y hacer clic en Aprobar. → El sistema habilita la selección de un rol para la cuenta. 3. Seleccionar el rol Escucha y confirmar. → La cuenta pasa a estado "Activa" con el rol Escucha asignado. | J3: OK | K3: 2026-10-06 | L3: Mateo Pavoni
A4: TC-03 | B4: Sprint 1-2 | C4: Registro y autenticación | D4: Validar que el usuario pueda iniciar sesión con credenciales válidas | E4: Cubre el criterio de aceptación de RF-02 sobre el acceso exitoso al sistema. | F4: El usuario cuenta con una cuenta activa y un rol asignado. | G4: SCRUM-33 | H4: 1. Ingresar el correo electrónico y la contraseña, y hacer clic en Entrar. → El sistema valida las credenciales y redirige al panel principal según el rol del usuario. | J4: OK | K4: 2026-10-06 | L4: Mateo Pavoni
A5: TC-04 | B5: Sprint 1-2 | C5: Registro y autenticación | D5: Validar que la cuenta se bloquee tras 5 intentos fallidos de inicio de sesión | E5: Cubre el criterio de aceptación de RF-02 sobre el bloqueo de seguridad por intentos fallidos. | F5: El usuario cuenta con una cuenta activa. Se conoce el correo pero se ingresará una contraseña incorrecta. | G5: SCRUM-33 | H5: 1. Ingresar el correo válido con una contraseña incorrecta y hacer clic en Entrar. → El sistema rechaza el acceso e indica "Credenciales inválidas." (el sistema no revela cuál de los dos datos es incorrecto). 2. Repetir el intento con contraseña incorrecta por quinta vez consecutiva. → El sistema bloquea la cuenta e informa que se alcanzó el máximo de intentos permitidos. 3. Intentar iniciar sesión nuevamente con la contraseña correcta. → El sistema no permite el acceso mientras la cuenta permanezca bloqueada. | J5: OK | K5: 2026-10-06 | L5: Mateo Pavoni
A6: TC-05 | B6: Sprint 1-2 | C6: Requerimiento RF-03 · RF-04 — Roles y desactivación de cuentas | D6: Validar que el rol Escucha solo pueda leer fichas y cargar observaciones | E6: Cubre el criterio de aceptación de RF-03 sobre las restricciones de permisos del rol Escucha. | F6: Existe un usuario activo con rol Escucha. Existe al menos una ficha de persona cargada en el sistema. | G6: SCRUM-13, SCRUM-64 | H6: 1. Iniciar sesión con un usuario con rol Escucha. → El sistema muestra el panel correspondiente al rol Escucha. 2. Abrir una ficha existente e intentar editar un dato personal. → El sistema no muestra opciones de edición sobre los datos de la ficha. 3. Cargar una nueva observación en la bitácora de la ficha. → El sistema guarda la observación con fecha, hora y autor automáticos. | J6: OK | K6: 2026-10-06 | L6: Mateo Pavoni
A7: TC-06 | B7: Sprint 1-2 | C7: Requerimiento RF-03 · RF-04 — Roles y desactivación de cuentas | D7: Validar que la Directora de Casa de Convivencia solo visualice fichas de residentes de casona | E7: Cubre el criterio de aceptación de RF-03 sobre el alcance de datos visibles para el rol Directora de Casa de Convivencia. | F7: Existe un usuario activo con rol Directora de Casa de Convivencia. Existen fichas de personas tipo "Visitante" y tipo "Residente de casona". | G7: SCRUM-13, SCRUM-64 | H7: 1. Iniciar sesión con un usuario con rol Directora de Casa de Convivencia. → El sistema muestra el panel correspondiente al rol. 2. Ingresar al listado general de fichas. → El listado muestra únicamente las fichas de personas tipo "Residente de casona". 3. Intentar acceder de forma directa a una ficha de una persona tipo "Visitante". → El sistema deniega el acceso a la ficha. | J7: OK | K7: 2026-10-06 | L7: Mateo Pavoni
A8: TC-07 | B8: Sprint 1-2 | C8: Requerimiento RF-03 · RF-04 — Roles y desactivación de cuentas | D8: Validar que un usuario desactivado no pueda iniciar sesión | E8: Cubre el criterio de aceptación de RF-04 sobre la baja lógica de cuentas. | F8: Existe una cuenta activa que será desactivada por un Referente antes de ejecutar la prueba. | G8: SCRUM-20 | H8: 1. Como Referente, ingresar al panel de Gestión de Usuarios y desactivar la cuenta. → La cuenta pasa a estado "Desactivada". 2. Intentar iniciar sesión con las credenciales de la cuenta desactivada. → El sistema deniega el acceso e informa que la cuenta se encuentra desactivada. | J8: OK | K8: 2026-10-06 | L8: Mateo Pavoni
A9: TC-08 | B9: Sprint 1-2 | C9: Requerimiento RF-03 · RF-04 — Roles y desactivación de cuentas | D9: Validar que al desactivar una cuenta se conserve el historial de bitácoras | E9: Cubre el criterio de aceptación de RF-04 sobre la preservación de la autoría histórica al dar de baja un usuario. | F9: El usuario a desactivar registró previamente al menos una observación en una ficha. | G9: SCRUM-20 | H9: 1. Como Referente, desactivar la cuenta del usuario que cargó la observación. → La cuenta pasa a estado "Desactivada". 2. Abrir la ficha donde se registró la observación previa. → La observación se sigue mostrando en la línea de tiempo con su autor y fecha originales. | J9: OK | K9: 2026-10-06 | L9: Mateo Pavoni
A10: TC-09 | B10: Sprint 1-2 | C10: Requerimiento RF-19 — Notificaciones internas | D10: Validar que se genere una notificación ante una cuenta pendiente de aprobación | E10: Cubre el criterio de aceptación de RF-19 sobre alertas por nuevas cuentas pendientes. | F10: Existe al menos un usuario con rol Referente activo en el sistema. | G10: SCRUM-22 | H10: 1. Registrar una nueva cuenta desde la pantalla de Registro. → La cuenta queda con estado "Pendiente". 2. Iniciar sesión como Referente y revisar el panel de notificaciones. → Se muestra una notificación indicando que hay una cuenta pendiente de aprobación. | J10: OK | K10: 2026-10-06 | L10: Mateo Pavoni
A11: TC-10 | B11: Sprint 1-2 | C11: Requerimiento RF-19 — Notificaciones internas | D11: Validar que se genere una alerta cuando una ficha lleva más de 30 días sin observaciones | E11: Cubre el criterio de aceptación de RF-19 sobre alertas de seguimiento inactivo. NO IMPLEMENTADO: hoy el sistema solo genera notificaciones de cuenta pendiente y de cuenta bloqueada; no existe la alerta por ficha sin observaciones. Caso pendiente de desarrollo, no ejecutable. | F11: Existe una ficha cuya última observación fue registrada hace más de 30 días. | G11: SCRUM-22 | H11: 1. Iniciar sesión como Referente y acceder al panel de notificaciones. → Se muestra una alerta identificando la ficha sin observaciones recientes. 2. Hacer clic en la alerta. → El sistema redirige directamente a la ficha correspondiente. | J11: OK | K11: 2026-10-06 | L11: Mateo Pavoni
A12: TC-11 | B12: Sprint 1-2 | C12: Fichas de personas (EP-01) | D12: Validar que un Referente pueda crear una ficha con solo el nombre | E12: Cubre el principio de diseño de fichas flexibles: el nombre es el único campo obligatorio. | F12: El usuario logueado tiene el rol Referente. | G12: SCRUM-XX (alta de ficha, a confirmar) | H12: 1. Ingresar a Fichas y hacer clic en Nueva ficha. → Se muestra el formulario de alta. 2. Completar únicamente el nombre y guardar. → El sistema crea la ficha en estado activo y la muestra en el listado. 3. Intentar guardar otra ficha dejando el nombre vacío. → El sistema rechaza el guardado e indica que el nombre es obligatorio. | J12: OK | K12: 2026-10-06 | L12: Mateo Pavoni
A13: TC-12 | B13: Sprint 1-2 | C13: Fichas de personas (EP-01) | D13: Validar que el rol Escucha no pueda crear ni editar fichas | E13: Cubre la restricción de permisos de RF-03: Escucha solo lee fichas y carga observaciones. | F13: Existe un usuario activo con rol Escucha y al menos una ficha cargada. | G13: SCRUM-13, SCRUM-64 | H13: 1. Iniciar sesión como Escucha e ingresar al listado de fichas. → Se muestra el listado y no aparece el botón Nueva ficha. 2. Abrir una ficha. → La ficha se visualiza sin opciones de edición. | J13: OK | K13: 2026-10-06 | L13: Mateo Pavoni
... A41: TC-40 | B41: Sprint 1-2 | C41: Casos manuales complementarios (Plan de Pruebas v1.2) | D41: Validar que el menú lateral se cierre solo al navegar desde un celular | E41: Cubre el hallazgo H17 sobre responsividad: al navegar en pantallas chicas el menú se cierra (equivale a CP32 del Plan de Pruebas v1.2). | F41: Usuario con sesión iniciada. Navegador con un ancho de pantalla de aproximadamente 375 px. | G41: Transversal (H17) | H41: 1. Hacer clic en el botón de hamburguesa. → Se abre el menú lateral. 2. Elegir otra sección del menú. → El sistema navega a la sección elegida y el menú lateral se cierra automáticamente. | J41: OK | K41: 2026-10-06 | L41: Mateo Pavoni
A42: TC-41 | B42: Sprint 3 | C42: QA calendario general (SCRUM-188) | D42: Listar eventos por rango | E42: Listar eventos por rango | F42: API levantada con WebApplicationFactory; sesión con el rol indicado en los pasos. | G42: SCRUM- | H42: 1. GET /api/general-calendar-events?from=2026-10-12&to=2026-10-18 con cada rol → 200; ocurrencias recurrentes expandidas, paginado | I42: Get_WithRange_ExpandsSeedTemplatesAndPaginates, Get_WithEachAuthorizedRole_Returns200 | J42: OK | K42: 2026-10-09 | L42: Suite automatizada
A43: TC-42 | B43: Sprint 3 | C43: QA calendario general (SCRUM-188) | D43: Sin rango usa la semana actual | E43: Sin rango usa la semana actual | F43: API levantada con WebApplicationFactory; sesión con el rol indicado en los pasos. | G43: SCRUM- | H43: 1. GET sin from/to → 200 con forma paginada | I43: Get_WithoutRange_Returns200WithPagedShape | J43: OK | K43: 2026-10-09 | L43: Suite automatizada
A44: TC-43 | B44: Sprint 3 | C44: QA calendario general (SCRUM-188) | D44: Rango inválido | E44: Rango inválido | F44: API levantada con WebApplicationFactory; sesión con el rol indicado en los pasos. | G44: SCRUM- | H44: 1. from posterior a to → 400 "El parámetro 'from' no puede ser posterior a 'to'." | I44: Get_WithFromAfterTo_Returns400 | J44: OK | K44: 2026-10-09 | L44: Suite automatizada
A45: TC-44 | B45: Sprint 3 | C45: QA calendario general (SCRUM-188) | D45: Detalle de evento | E45: Detalle de evento | F45: API levantada con WebApplicationFactory; sesión con el rol indicado en los pasos. | G45: SCRUM- | H45: 1. GET /api/general-calendar-events/{id} existente / inexistente → 200 / 404 "El evento especificado no existe." | I45: GetById_KnownSeedTemplate_Returns200, GetById_Unknown_Returns404 | J45: OK | K45: 2026-10-09 | L45: Suite automatizada
A46: TC-45 | B46: Sprint 3 | C46: QA calendario general (SCRUM-188) | D46: Sin sesión | E46: Sin sesión | F46: API levantada con WebApplicationFactory; sesión con el rol indicado en los pasos. | G46: SCRUM- | H46: 1. GET sin token → 401 | I46: Get_WithoutToken_Returns401 | J46: OK | K46: 2026-10-09 | L46: Suite automatizada
A47: TC-46 | B47: Sprint 3 | C47: QA creación de eventos (SCRUM-193) | D47: Crear evento (Referente) | E47: Crear evento (Referente) | F47: API levantada con WebApplicationFactory; sesión con el rol indicado en los pasos. | G47: SCRUM- | H47: 1. POST /api/general-calendar-events {title, date, startTime, endTime} → 201 con id | I47: Post_WithReferentRole_Returns201WithId | J47: OK | K47: 2026-10-09 | L47: Suite automatizada
A48: TC-47 | B48: Sprint 3 | C48: QA creación de eventos (SCRUM-193) | D48: Crear con rol no permitido | E48: Crear con rol no permitido | F48: API levantada con WebApplicationFactory; sesión con el rol indicado en los pasos. | G48: SCRUM- | H48: 1. Mismo POST con Dir / Esc / Coo → 403 | I48: Post_WithNonReferentRoles_Returns403 | J48: OK | K48: 2026-10-09 | L48: Suite automatizada
A49: TC-48 | B49: Sprint 3 | C49: QA creación de eventos (SCRUM-193) | D49: Sin sesión | E49: Sin sesión | F49: API levantada con WebApplicationFactory; sesión con el rol indicado en los pasos. | G49: SCRUM- | H49: 1. POST sin token → 401 | I49: Post_WithoutToken_Returns401 | J49: OK | K49: 2026-10-09 | L49: Suite automatizada
A50: TC-49 | B50: Sprint 3 | C50: QA creación de eventos (SCRUM-193) | D50: Título obligatorio | E50: Título obligatorio | F50: API levantada con WebApplicationFactory; sesión con el rol indicado en los pasos. | G50: SCRUM- | H50: 1. title vacío → 400 "El título del evento es obligatorio." | I50: Post_WithMissingTitle_Returns400 | J50: OK | K50: 2026-10-09 | L50: Suite automatizada
A51: TC-50 | B51: Sprint 3 | C51: QA creación de eventos (SCRUM-193) | D51: Hora fin ≤ inicio | E51: Hora fin ≤ inicio | F51: API levantada con WebApplicationFactory; sesión con el rol indicado en los pasos. | G51: SCRUM- | H51: 1. endTime <= startTime → 400 "La hora de fin debe ser posterior a la hora de inicio." | I51: Post_WithEndTimeNotAfterStartTime_Returns400 | J51: OK | K51: 2026-10-09 | L51: Suite automatizada
A52: TC-51 | B52: Sprint 3 | C52: QA creación de eventos (SCRUM-193) | D52: Evento recurrente | E52: Evento recurrente | F52: API levantada con WebApplicationFactory; sesión con el rol indicado en los pasos. | G52: SCRUM- | H52: 1. POST con recurrenceDays (flags de día) y listar el rango → Aparecen ocurrencias en cada día marcado | I52: CalendarEventOccurrenceExpanderTests (unit) | J52: OK | K52: 2026-10-09 | L52: Suite automatizada
A53: TC-52 | B53: Sprint 3 | C53: QA calendario personal (SCRUM-198) | D53: Solo veo mis eventos | E53: Solo veo mis eventos | F53: API levantada con WebApplicationFactory; sesión con el rol indicado en los pasos. | G53: SCRUM-16 | H53: 1. GET /api/personal-calendar-events con dos usuarios distintos → Cada uno ve únicamente los suyos | I53: Get_ReturnsOnlyEventsOwnedByCaller | J53: OK | K53: 2026-10-09 | L53: Suite automatizada
... A93: TC-92 | B93: Sprint 3 | C93: QA de UI — frontend integrado (2026-10-08) | D93: Búsqueda de colaboradores por área | E93: Búsqueda de colaboradores por área | F93: Stack local levantado (docker compose en backend/); usuarios de prueba *@test.com. | G93: SCRUM-74 | H93: 1. Búsqueda de colaboradores por área → El flujo se completa sin errores de API | I93: docs/qa/e2e/sprint3-ui-flows.mjs | J93: OK | K93: 2026-10-08 | L93: Mateo Pavoni
A94: TC-93 | B94: Sprint 3 | C94: QA de UI — frontend integrado (2026-10-08) | D94: Dar de baja un colaborador | E94: Dar de baja un colaborador | F94: Stack local levantado (docker compose en backend/); usuarios de prueba *@test.com. | G94: SCRUM-74 | H94: 1. Dar de baja un colaborador → El flujo se completa sin errores de API | I94: docs/qa/e2e/sprint3-ui-flows.mjs | J94: OK | K94: 2026-10-09 | L94: Mateo Pavoni | M94: OK (re-ejecutado 2026-10-09; el 2026-10-08 fallaba con 404 por falta de SCRUM-200)
A95: TC-94 | B95: Sprint 3 | C95: QA de UI — frontend integrado (2026-10-08) | D95: Crear visita desde la UI (selector de residentes reales) | E95: Crear visita desde la UI (selector de residentes reales) | F95: Stack local levantado (docker compose en backend/); usuarios de prueba *@test.com. | G95: SCRUM-74 | H95: 1. Crear visita desde la UI (selector de residentes reales) → El flujo se completa sin errores de API | I95: docs/qa/e2e/sprint3-ui-flows.mjs | J95: OK | K95: 2026-10-08 | L95: Mateo Pavoni
A96: TC-95 | B96: Sprint 3 | C96: QA de UI — frontend integrado (2026-10-08) | D96: Visita solapada: la UI avisa y el backend responde 409 | E96: Visita solapada: la UI avisa y el backend responde 409 | F96: Stack local levantado (docker compose en backend/); usuarios de prueba *@test.com. | G96: SCRUM-74 | H96: 1. Visita solapada: la UI avisa y el backend responde 409 → El flujo se completa sin errores de API | I96: docs/qa/e2e/sprint3-ui-flows.mjs | J96: OK | K96: 2026-10-08 | L96: Mateo Pavoni
A97: TC-96 | B97: Sprint 3 | C97: QA de UI — frontend integrado (2026-10-08) | D97: Marcar visita como realizada | E97: Marcar visita como realizada | F97: Stack local levantado (docker compose en backend/); usuarios de prueba *@test.com. | G97: SCRUM-74 | H97: 1. Marcar visita como realizada → El flujo se completa sin errores de API | I97: docs/qa/e2e/sprint3-ui-flows.mjs | J97: OK | K97: 2026-10-08 | L97: Mateo Pavoni
A98: TC-97 | B98: Sprint 3 | C98: QA de UI — frontend integrado (2026-10-08) | D98: Cancelar visita con motivo | E98: Cancelar visita con motivo | F98: Stack local levantado (docker compose en backend/); usuarios de prueba *@test.com. | G98: SCRUM-74 | H98: 1. Cancelar visita con motivo → El flujo se completa sin errores de API | I98: docs/qa/e2e/sprint3-ui-flows.mjs | J98: OK | K98: 2026-10-08 | L98: Mateo Pavoni
A99: TC-98 | B99: Sprint 3 | C99: QA de UI — frontend integrado (2026-10-08) | D99: Escucha: ve el calendario, sin "Nuevo evento", sin pestaña Casa de Convivencia, sin Colaboradores, `/colaboradores` bloqueado | E99: Escucha: ve el calendario, sin "Nuevo evento", sin pestaña Casa de Convivencia, sin Colaboradores, `/colaboradores` bloqueado | F99: Stack local levantado (docker compose en backend/); usuarios de prueba *@test.com. | G99: SCRUM-74 | H99: 1. Escucha: ve el calendario, sin "Nuevo evento", sin pestaña Casa de Convivencia, sin Colaboradores, `/colaboradores` bloqueado → El flujo se completa sin errores de API | I99: docs/qa/e2e/sprint3-ui-flows.mjs | J99: OK | K99: 2026-10-08 | L99: Mateo Pavoni
A100: TC-99 | B100: Sprint 3 | C100: QA de UI — frontend integrado (2026-10-08) | D100: Directora: ve el calendario sin crear eventos; puede crear visitas | E100: Directora: ve el calendario sin crear eventos; puede crear visitas | F100: Stack local levantado (docker compose en backend/); usuarios de prueba *@test.com. | G100: SCRUM-74 | H100: 1. Directora: ve el calendario sin crear eventos; puede crear visitas → El flujo se completa sin errores de API | I100: docs/qa/e2e/sprint3-ui-flows.mjs | J100: OK | K100: 2026-10-08 | L100: Mateo Pavoni
A101: TC-100 | B101: Sprint 3 | C101: Edición y eliminación de eventos generales (SCRUM-190) | D101: Editar evento (Referente) | E101: Editar evento (Referente) | F101: API levantada con WebApplicationFactory; sesión con el rol indicado en los pasos. | G101: SCRUM-16 | H101: 1. PUT /api/general-calendar-events/{id} con nuevos datos → 204; el detalle refleja el cambio; AuditLog "Evento general modificado" | I101: Put_ByReferent_Returns204AndChangesDetail, UpdateAsync_WhenAuthorUpdates_SucceedsAndLogsAudit | J101: OK | K101: 2026-10-09 | L101: Suite automatizada
A102: TC-101 | B102: Sprint 3 | C102: Edición y eliminación de eventos generales (SCRUM-190) | D102: Referente edita evento ajeno | E102: Referente edita evento ajeno | F102: API levantada con WebApplicationFactory; sesión con el rol indicado en los pasos. | G102: SCRUM-16 | H102: 1. PUT de un Referente sobre evento de otro autor → 204 | I102: UpdateAsync_WhenReferentUpdatesOtherUsersEvent_SucceedsAndLogsAudit | J102: OK | K102: 2026-10-09 | L102: Suite automatizada
A103: TC-102 | B103: Sprint 3 | C103: Edición y eliminación de eventos generales (SCRUM-190) | D103: Sin permiso sobre evento ajeno | E103: Sin permiso sobre evento ajeno | F103: API levantada con WebApplicationFactory; sesión con el rol indicado en los pasos. | G103: SCRUM-16 | H103: 1. PUT / DELETE de un no-autor y no-Referente → 403 | I103: Put_ByNonAuthorNonReferent_Returns403, Delete_ByNonAuthorNonReferent_Returns403 | J103: OK | K103: 2026-10-09 | L103: Suite automatizada
A104: TC-103 | B104: Sprint 3 | C104: Edición y eliminación de eventos generales (SCRUM-190) | D104: Título vacío al editar | E104: Título vacío al editar | F104: API levantada con WebApplicationFactory; sesión con el rol indicado en los pasos. | G104: SCRUM-16 | H104: 1. PUT con title vacío → 400 | I104: Put_WithEmptyTitle_Returns400 | J104: OK | K104: 2026-10-09 | L104: Suite automatizada
A105: TC-104 | B105: Sprint 3 | C105: Edición y eliminación de eventos generales (SCRUM-190) | D105: Evento inexistente | E105: Evento inexistente | F105: API levantada con WebApplicationFactory; sesión con el rol indicado en los pasos. | G105: SCRUM-16 | H105: 1. PUT / DELETE con id desconocido → 404 | I105: Put_UnknownEvent_Returns404, Delete_UnknownEvent_Returns404 | J105: OK | K105: 2026-10-09 | L105: Suite automatizada
A106: TC-105 | B106: Sprint 3 | C106: Edición y eliminación de eventos generales (SCRUM-190) | D106: Eliminar evento | E106: Eliminar evento | F106: API levantada con WebApplicationFactory; sesión con el rol indicado en los pasos. | G106: SCRUM-16 | H106: 1. DELETE /api/general-calendar-events/{id} → 204; el detalle pasa a 404; AuditLog "Evento general eliminado" | I106: Delete_ByReferent_Returns204ThenDetailIs404, DeleteAsync_WhenAuthorDeletes_SucceedsRemovesEntityAndLogsAudit | J106: OK | K106: 2026-10-09 | L106: Suite automatizada
... A147: TC-146 | B147: Sprint 3 | C147: QA de UI — frontend integrado (2026-10-08) | D147: Solapamiento de visitas: la UI avisa (409) y al tocar Guardar de nuevo la guarda igual | E147: Solapamiento de visitas: la UI avisa (409) y al tocar Guardar de nuevo la guarda igual | F147: Stack local levantado (docker compose en backend/); usuarios de prueba *@test.com. | G147: SCRUM-74 | H147: 1. Solapamiento de visitas: la UI avisa (409) y al tocar Guardar de nuevo la guarda igual → El flujo se completa sin errores de API | I147: docs/qa/e2e/sprint3-ui-flows.mjs | J147: OK | K147: 2026-10-09 | L147: Mateo Pavoni

Sheet Pasos TC
A1: ID | B1: # | C1: Paso | D1: Dato | E1: Esperamos
A2: TC-01 | B2: 1 | C2: Ingresar a la pantalla de Registro desde el login. | D2: — | E2: Se muestra el formulario de registro con los campos nombre, correo y contraseña.
A3: TC-01 | B3: 2 | C3: Completar los campos obligatorios y hacer clic en Registrarme. | D3: correo: ana.lopez@test.com | E3: El sistema crea la cuenta y muestra un mensaje de confirmación.
A4: TC-01 | B4: 3 | C4: Intentar iniciar sesión con las credenciales recién creadas. | D4: correo: ana.lopez@test.com | E4: El sistema informa que la cuenta está "Pendiente de aprobación" y no permite el acceso.
A5: TC-02 | B5: 1 | C5: Ingresar al panel de Gestión de Usuarios. | D5: — | E5: Se muestra el listado de cuentas con su estado (Pendiente / Activa / Desactivada).
A6: TC-02 | B6: 2 | C6: Seleccionar una cuenta con estado Pendiente y hacer clic en Aprobar. | D6: — | E6: El sistema habilita la selección de un rol para la cuenta.
A7: TC-02 | B7: 3 | C7: Seleccionar el rol Escucha y confirmar. | D7: rol: Escucha | E7: La cuenta pasa a estado "Activa" con el rol Escucha asignado.
A8: TC-03 | B8: 1 | C8: Ingresar el correo electrónico y la contraseña, y hacer clic en Entrar. | D8: correo: franco@hogar.org | E8: El sistema valida las credenciales y redirige al panel principal según el rol del usuario.
A9: TC-04 | B9: 1 | C9: Ingresar el correo válido con una contraseña incorrecta y hacer clic en Entrar. | D9: intento 1 a 4 | E9: El sistema rechaza el acceso e indica "Credenciales inválidas." (el sistema no revela cuál de los dos datos es incorrecto).
A10: TC-04 | B10: 2 | C10: Repetir el intento con contraseña incorrecta por quinta vez consecutiva. | D10: intento 5 | E10: El sistema bloquea la cuenta e informa que se alcanzó el máximo de intentos permitidos.
A11: TC-04 | B11: 3 | C11: Intentar iniciar sesión nuevamente con la contraseña correcta. | D11: — | E11: El sistema no permite el acceso mientras la cuenta permanezca bloqueada.
A12: TC-05 | B12: 1 | C12: Iniciar sesión con un usuario con rol Escucha. | D12: — | E12: El sistema muestra el panel correspondiente al rol Escucha.
A13: TC-05 | B13: 2 | C13: Abrir una ficha existente e intentar editar un dato personal. | D13: — | E13: El sistema no muestra opciones de edición sobre los datos de la ficha.
... A90: TC-40 | B90: 2 | C90: Elegir otra sección del menú. | D90: — | E90: El sistema navega a la sección elegida y el menú lateral se cierra automáticamente.

Sheet Parte B - Automatizados
A1: ID | B1: Sprint | C1: Módulo | D1: Título | E1: Description | F1: Pre-conditions | G1: Jira Requirement | H1: Pasos (Paso → Esperamos) | I1: Test (xUnit) | J1: Estado | K1: Fecha de ejecución | L1: Ejecutó
A2: TA-001 | B2: Sprint 1-2 | C2: Pruebas automatizadas — Registro, sesión y cuentas (EP-03) | D2: Validar que el registro con datos válidos responda 201 Created | E2: Registrar con email y password válidos crea la cuenta (201). | F2: API levantada con WebApplicationFactory. El email a registrar no existe. | G2: SCRUM-12 | H2: 1. Enviar POST /api/auth/register con nombre, apellido, email y contraseña válidos → La API crea la cuenta y responde 201 Created | I2: Vicaria.IntegrationTests › AuthControllerTests › Register_ConDatosValidos_Retorna201 | J2: OK | K2: 2026-10-09 | L2: Suite automatizada
A3: TA-002 | B3: Sprint 1-2 | C3: Pruebas automatizadas — Registro, sesión y cuentas (EP-03) | D3: Validar que el registro con un email mal formado sea rechazado | E3: Un email con formato inválido se rechaza (400). | F3: API levantada con WebApplicationFactory. | G3: SCRUM-12 | H3: 1. Enviar POST /api/auth/register con un email sin formato válido → La API rechaza el registro y responde 400 Bad Request | I3: Vicaria.IntegrationTests › AuthControllerTests › Register_ConEmailInvalido_Retorna400 | J3: OK | K3: 2026-10-09 | L3: Suite automatizada
A4: TA-003 | B4: Sprint 1-2 | C4: Pruebas automatizadas — Registro, sesión y cuentas (EP-03) | D4: Validar que el registro con una contraseña demasiado corta sea rechazado | E4: Una contraseña por debajo del mínimo se rechaza (400). | F4: API levantada con WebApplicationFactory. | G4: SCRUM-12 | H4: 1. Enviar POST /api/auth/register con una contraseña por debajo del mínimo → La API rechaza el registro y responde 400 Bad Request | I4: Vicaria.IntegrationTests › AuthControllerTests › Register_ConPasswordCorta_Retorna400 | J4: OK | K4: 2026-10-09 | L4: Suite automatizada
A5: TA-004 | B5: Sprint 1-2 | C5: Pruebas automatizadas — Registro, sesión y cuentas (EP-03) | D5: Validar que registrar dos veces el mismo email devuelva conflicto | E5: Registrar con un email ya existente devuelve conflicto (409). | F5: API levantada con WebApplicationFactory. | G5: SCRUM-12 | H5: 1. Registrar una cuenta con un email nuevo → La cuenta se crea (201) 2. Repetir el registro con el mismo email → La API responde 409 Conflict | I5: Vicaria.IntegrationTests › AuthControllerTests › Register_ConEmailYaRegistrado_Retorna409 | J5: OK | K5: 2026-10-09 | L5: Suite automatizada
A6: TA-005 | B6: Sprint 1-2 | C6: Pruebas automatizadas — Registro, sesión y cuentas (EP-03) | D6: Validar que consultar el perfil propio sin token no esté autorizado | E6: Consultar el perfil propio sin token no autoriza (401). | F6: API levantada con WebApplicationFactory. El cliente no envía token. | G6: SCRUM-33 | H6: 1. Enviar GET /api/auth/me sin encabezado de autorización → La API responde 401 Unauthorized | I6: Vicaria.IntegrationTests › AuthMeEndpointTests › Me_SinToken_Retorna401 | J6: OK | K6: 2026-10-09 | L6: Suite automatizada
A7: TA-006 | B7: Sprint 1-2 | C7: Pruebas automatizadas — Registro, sesión y cuentas (EP-03) | D7: Validar que un token inválido no permita consultar el perfil propio | E7: Un token inválido tampoco autoriza (401). | F7: API levantada con WebApplicationFactory. | G7: SCRUM-33 | H7: 1. Enviar GET /api/auth/me con un Bearer token inválido → La API responde 401 Unauthorized | I7: Vicaria.IntegrationTests › AuthMeEndpointTests › Me_ConTokenInvalido_Retorna401 | J7: OK | K7: 2026-10-09 | L7: Suite automatizada
A8: TA-007 | B8: Sprint 1-2 | C8: Pruebas automatizadas — Registro, sesión y cuentas (EP-03) | D8: Validar que con un token válido se devuelvan los datos del usuario logueado | E8: Con un token válido devuelve los datos del usuario logueado (200). | F8: Existe en la base un usuario activo con rol Directora de Casa de Convivencia y un JWT válido emitido para él. | G8: SCRUM-33 | H8: 1. Enviar GET /api/auth/me con el token válido → La API responde 200 OK 2. Revisar el cuerpo de la respuesta → Se devuelven los datos y el rol del usuario logueado | I8: Vicaria.IntegrationTests › AuthMeEndpointTests › Me_ConTokenValido_Retorna200ConLasClaims | J8: OK | K8: 2026-10-09 | L8: Suite automatizada
A9: TA-008 | B9: Sprint 1-2 | C9: Pruebas automatizadas — Registro, sesión y cuentas (EP-03) | D9: Validar que un usuario sin rol Referente no pueda listar cuentas pendientes | E9: Listar cuentas pendientes sin ser Referente no autoriza (403). | F9: Usuario autenticado con rol Escucha, existente en la base. | G9: SCRUM-12 | H9: 1. Enviar GET /api/auth/users/pending con el token del rol Escucha → La API responde 403 Forbidden | I9: Vicaria.IntegrationTests › UserApprovalEndpointTests › Pending_SinRolReferente_Retorna403 | J9: OK | K9: 2026-10-09 | L9: Suite automatizada
A10: TA-009 | B10: Sprint 1-2 | C10: Pruebas automatizadas — Registro, sesión y cuentas (EP-03) | D10: Validar que un Referente vea en pendientes a la cuenta recién registrada | E10: Un Referente ve en el listado a la cuenta recién registrada. | F10: Existe una cuenta recién registrada en estado Pendiente. Usuario autenticado con rol Referente. | G10: SCRUM-12 | H10: 1. Enviar GET /api/auth/users/pending con el token del Referente → La API responde 200 OK 2. Revisar el listado devuelto → El listado incluye la cuenta recién registrada | I10: Vicaria.IntegrationTests › UserApprovalEndpointTests › Pending_ConRolReferente_IncluyeElUsuarioRecienRegistrado | J10: OK | K10: 2026-10-09 | L10: Suite automatizada
A11: TA-010 | B11: Sprint 1-2 | C11: Pruebas automatizadas — Registro, sesión y cuentas (EP-03) | D11: Validar que aprobar un usuario inexistente devuelva 404 | E11: Aprobar un usuario inexistente devuelve 404. | F11: Usuario autenticado con rol Referente. Existe al menos un rol sembrado. | G11: SCRUM-12 | H11: 1. Enviar POST /api/auth/users/{id}/approve con un id que no existe → La API responde 404 Not Found | I11: Vicaria.IntegrationTests › UserApprovalEndpointTests › Approve_UsuarioNoExiste_Retorna404 | J11: OK | K11: 2026-10-09 | L11: Suite automatizada
A12: TA-011 | B12: Sprint 1-2 | C12: Pruebas automatizadas — Registro, sesión y cuentas (EP-03) | D12: Validar que un usuario que no es Referente no pueda aprobar cuentas | E12: Aprobar sin ser Referente no autoriza (403). | F12: Existe una cuenta Pendiente. Usuario autenticado con rol Directora de Casa de Convivencia. | G12: SCRUM-12 | H12: 1. Enviar POST /api/auth/users/{id}/approve con el token de la Directora → La API responde 403 Forbidden | I12: Vicaria.IntegrationTests › UserApprovalEndpointTests › Approve_SinRolReferente_Retorna403 | J12: OK | K12: 2026-10-09 | L12: Suite automatizada
... A238: TA-237 | B238: Sprint 3 | C238: Calendario general | D238: Validar: Mes más corto | E238: Respalda TC-138: Cae el último día de los meses de 30 días y de febrero (28 o 29) | F238: Servicio con DbContext InMemory. | G238: SCRUM-16 | H238: 1. Evento mensual del día 31 → Cae el último día de los meses de 30 días y de febrero (28 o 29) | I238: Vicaria.UnitTests › CalendarEventMonthlyRecurrenceTests › Expand_MonthlyEventOnDay31_UsesLeapDayInLeapYear | J238: OK | K238: 2026-10-09 | L238: Suite automatizada
A239: TA-238 | B239: Sprint 3 | C239: Calendario general | D239: Validar: Expand · MonthlyEvent · NeverReturnsDatesBeforeItsStart | E239: Sin TC manual asociado; descripción derivada del nombre del test. | F239: Servicio con DbContext InMemory. | G239: SCRUM-15 / SCRUM-16 | I239: Vicaria.UnitTests › CalendarEventMonthlyRecurrenceTests › Expand_MonthlyEvent_NeverReturnsDatesBeforeItsStart | J239: OK | K239: 2026-10-09 | L239: Suite automatizada
A240: TA-239 | B240: Sprint 3 | C240: Calendario general | D240: Validar: Expand · MonthlyEvent · RangeWithoutThatDayReturnsEmpty | E240: Sin TC manual asociado; descripción derivada del nombre del test. | F240: Servicio con DbContext InMemory. | G240: SCRUM-15 / SCRUM-16 | I240: Vicaria.UnitTests › CalendarEventMonthlyRecurrenceTests › Expand_MonthlyEvent_RangeWithoutThatDayReturnsEmpty | J240: OK | K240: 2026-10-09 | L240: Suite automatizada
A241: TA-240 | B241: Sprint 3 | C241: Calendario general | D241: Validar: Expand · WithoutMonthlyFlag · StillSingleDate | E241: Sin TC manual asociado; descripción derivada del nombre del test. | F241: Servicio con DbContext InMemory. | G241: SCRUM-15 / SCRUM-16 | I241: Vicaria.UnitTests › CalendarEventMonthlyRecurrenceTests › Expand_WithoutMonthlyFlag_StillSingleDate | J241: OK | K241: 2026-10-09 | L241: Suite automatizada
A242: TA-241 | B242: Sprint 3 | C242: Calendario general | D242: Validar: Expand · NullDateWithWeekdayFlags · ExpandsEveryMatchedDayInRange | E242: Sin TC manual asociado; descripción derivada del nombre del test. | F242: Servicio con DbContext InMemory. | G242: SCRUM-15 / SCRUM-16 | I242: Vicaria.UnitTests › CalendarEventOccurrenceExpanderTests › Expand_NullDateWithWeekdayFlags_ExpandsEveryMatchedDayInRange | J242: OK | K242: 2026-10-09 | L242: Suite automatizada
A243: TA-242 | B243: Sprint 3 | C243: Calendario general | D243: Validar: Expand · NullDateWithoutRecurrence · ReturnsEmpty | E243: Sin TC manual asociado; descripción derivada del nombre del test. | F243: Servicio con DbContext InMemory. | G243: SCRUM-15 / SCRUM-16 | I243: Vicaria.UnitTests › CalendarEventOccurrenceExpanderTests › Expand_NullDateWithoutRecurrence_ReturnsEmpty | J243: OK | K243: 2026-10-09 | L243: Suite automatizada
A244: TA-243 | B244: Sprint 3 | C244: Calendario general | D244: Validar: Expand · SingleDateWithoutRecurrence · ReturnsDateOnlyWhenInRange | E244: Sin TC manual asociado; descripción derivada del nombre del test. | F244: Servicio con DbContext InMemory. | G244: SCRUM-15 / SCRUM-16 | I244: Vicaria.UnitTests › CalendarEventOccurrenceExpanderTests › Expand_SingleDateWithoutRecurrence_ReturnsDateOnlyWhenInRange | J244: OK | K244: 2026-10-09 | L244: Suite automatizada
A245: TA-244 | B245: Sprint 3 | C245: Calendario general | D245: Validar: Expand · SeriesStartsOnStartDate · AndSkipsEarlierMatchedDays | E245: Sin TC manual asociado; descripción derivada del nombre del test. | F245: Servicio con DbContext InMemory. | G245: SCRUM-15 / SCRUM-16 | I245: Vicaria.UnitTests › CalendarEventOccurrenceExpanderTests › Expand_SeriesStartsOnStartDate_AndSkipsEarlierMatchedDays | J245: OK | K245: 2026-10-09 | L245: Suite automatizada
A246: TA-245 | B246: Sprint 3 | C246: Calendario general | D246: Validar: Expand · SeriesStartingBeforeRange · OnlyReturnsMatchedDaysInsideRange | E246: Sin TC manual asociado; descripción derivada del nombre del test. | F246: Servicio con DbContext InMemory. | G246: SCRUM-15 / SCRUM-16 | I246: Vicaria.UnitTests › CalendarEventOccurrenceExpanderTests › Expand_SeriesStartingBeforeRange_OnlyReturnsMatchedDaysInsideRange | J246: OK | K246: 2026-10-09 | L246: Suite automatizada
A247: TA-246 | B247: Sprint 3 | C247: Calendario general | D247: Validar: Expand · SeriesStartingAfterRange · ReturnsEmpty | E247: Sin TC manual asociado; descripción derivada del nombre del test. | F247: Servicio con DbContext InMemory. | G247: SCRUM-15 / SCRUM-16 | I247: Vicaria.UnitTests › CalendarEventOccurrenceExpanderTests › Expand_SeriesStartingAfterRange_ReturnsEmpty | J247: OK | K247: 2026-10-09 | L247: Suite automatizada
A248: TA-247 | B248: Sprint 3 | C248: Calendario general | D248: Validar: Expand · AppliedToWeekendOnlyEvent · OnlyMatchesWeekendDays | E248: Sin TC manual asociado; descripción derivada del nombre del test. | F248: Servicio con DbContext InMemory. | G248: SCRUM-15 / SCRUM-16 | I248: Vicaria.UnitTests › CalendarEventOccurrenceExpanderTests › Expand_AppliedToWeekendOnlyEvent_OnlyMatchesWeekendDays | J248: OK | K248: 2026-10-09 | L248: Suite automatizada
A249: TA-248 | B249: Sprint 3 | C249: Calendario general | D249: Validar: Editar evento (Referente) | E249: Respalda TC-100: 204; el detalle refleja el cambio; AuditLog "Evento general modificado" | F249: Servicio con DbContext InMemory. | G249: SCRUM-16 | H249: 1. PUT /api/general-calendar-events/{id} con nuevos datos → 204; el detalle refleja el cambio; AuditLog "Evento general modificado" | I249: Vicaria.UnitTests › GeneralCalendarEventOperationsTests › UpdateAsync_WhenAuthorUpdates_SucceedsAndLogsAudit | J249: OK | K249: 2026-10-09 | L249: Suite automatizada
A250: TA-249 | B250: Sprint 3 | C250: Calendario general | D250: Validar: Referente edita evento ajeno | E250: Respalda TC-101: 204 | F250: Servicio con DbContext InMemory. | G250: SCRUM-16 | H250: 1. PUT de un Referente sobre evento de otro autor → 204 | I250: Vicaria.UnitTests › GeneralCalendarEventOperationsTests › UpdateAsync_WhenReferentUpdatesOtherUsersEvent_SucceedsAndLogsAudit | J250: OK | K250: 2026-10-09 | L250: Suite automatizada
A251: TA-250 | B251: Sprint 3 | C251: Calendario general | D251: Validar: UpdateAsync · WhenNonAuthorAndNonReferentAttempts · ReturnsForbidden | E251: Sin TC manual asociado; descripción derivada del nombre del test. | F251: Servicio con DbContext InMemory. | G251: SCRUM-15 / SCRUM-16 | I251: Vicaria.UnitTests › GeneralCalendarEventOperationsTests › UpdateAsync_WhenNonAuthorAndNonReferentAttempts_ReturnsForbidden | J251: OK | K251: 2026-10-09 | L251: Suite automatizada
A252: TA-251 | B252: Sprint 3 | C252: Calendario general | D252: Validar: UpdateAsync · WhenEventNotFound · ReturnsNotFound | E252: Sin TC manual asociado; descripción derivada del nombre del test. | F252: Servicio con DbContext InMemory. | G252: SCRUM-15 / SCRUM-16 | I252: Vicaria.UnitTests › GeneralCalendarEventOperationsTests › UpdateAsync_WhenEventNotFound_ReturnsNotFound | J252: OK | K252: 2026-10-09 | L252: Suite automatizada
A253: TA-252 | B253: Sprint 3 | C253: Calendario general | D253: Validar: Eliminar evento | E253: Respalda TC-105: 204; el detalle pasa a 404; AuditLog "Evento general eliminado" | F253: Servicio con DbContext InMemory. | G253: SCRUM-16 | H253: 1. DELETE /api/general-calendar-events/{id} → 204; el detalle pasa a 404; AuditLog "Evento general eliminado" | I253: Vicaria.UnitTests › GeneralCalendarEventOperationsTests › DeleteAsync_WhenAuthorDeletes_SucceedsRemovesEntityAndLogsAudit | J253: OK | K253: 2026-10-09 | L253: Suite automatizada
A254: TA-253 | B254: Sprint 3 | C254: Calendario general | D254: Validar: DeleteAsync · WhenReferentDeletes · SucceedsRemovesEntityAndLogsAudit | E254: Sin TC manual asociado; descripción derivada del nombre del test. | F254: Servicio con DbContext InMemory. | G254: SCRUM-15 / SCRUM-16 | I254: Vicaria.UnitTests › GeneralCalendarEventOperationsTests › DeleteAsync_WhenReferentDeletes_SucceedsRemovesEntityAndLogsAudit | J254: OK | K254: 2026-10-09 | L254: Suite automatizada
A255: TA-254 | B255: Sprint 3 | C255: Calendario general | D255: Validar: DeleteAsync · WhenNonAuthorAndNonReferentAttempts · ReturnsForbidden | E255: Sin TC manual asociado; descripción derivada del nombre del test. | F255: Servicio con DbContext InMemory. | G255: SCRUM-15 / SCRUM-16 | I255: Vicaria.UnitTests › GeneralCalendarEventOperationsTests › DeleteAsync_WhenNonAuthorAndNonReferentAttempts_ReturnsForbidden | J255: OK | K255: 2026-10-09 | L255: Suite automatizada
A256: TA-255 | B256: Sprint 3 | C256: Calendario general | D256: Validar: DeleteAsync · WhenEventNotFound · ReturnsNotFound | E256: Sin TC manual asociado; descripción derivada del nombre del test. | F256: Servicio con DbContext InMemory. | G256: SCRUM-15 / SCRUM-16 | I256: Vicaria.UnitTests › GeneralCalendarEventOperationsTests › DeleteAsync_WhenEventNotFound_ReturnsNotFound | J256: OK | K256: 2026-10-09 | L256: Suite automatizada
A257: TA-256 | B257: Sprint 3 | C257: Calendario general | D257: Validar: CreateAsync · WithValidDto · PersistsEventWithAuthorAndUtcCreatedAt | E257: Sin TC manual asociado; descripción derivada del nombre del test. | F257: Servicio con DbContext InMemory. | G257: SCRUM-15 / SCRUM-16 | I257: Vicaria.UnitTests › GeneralCalendarEventServiceTests › CreateAsync_WithValidDto_PersistsEventWithAuthorAndUtcCreatedAt | J257: OK | K257: 2026-10-09 | L257: Suite automatizada
A258: TA-257 | B258: Sprint 3 | C258: Calendario general | D258: Validar: CreateAsync · WithValidDto · WritesAuditLogEntry | E258: Sin TC manual asociado; descripción derivada del nombre del test. | F258: Servicio con DbContext InMemory. | G258: SCRUM-15 / SCRUM-16 | I258: Vicaria.UnitTests › GeneralCalendarEventServiceTests › CreateAsync_WithValidDto_WritesAuditLogEntry | J258: OK | K258: 2026-10-09 | L258: Suite automatizada
A259: TA-258 | B259: Sprint 3 | C259: Calendario general | D259: Validar: CreateAsync · WithoutOptionalFields · PersistsNulls | E259: Sin TC manual asociado; descripción derivada del nombre del test. | F259: Servicio con DbContext InMemory. | G259: SCRUM-15 / SCRUM-16 | I259: Vicaria.UnitTests › GeneralCalendarEventServiceTests › CreateAsync_WithoutOptionalFields_PersistsNulls | J259: OK | K259: 2026-10-09 | L259: Suite automatizada
A260: TA-259 | B260: Sprint 3 | C260: Calendario general | D260: Validar: GetOccurrencesAsync · ExpandsTemplatesAndConcreteEvents | E260: Sin TC manual asociado; descripción derivada del nombre del test. | F260: Servicio con DbContext InMemory. | G260: SCRUM-15 / SCRUM-16 | I260: Vicaria.UnitTests › GeneralCalendarEventServiceTests › GetOccurrencesAsync_ExpandsTemplatesAndConcreteEvents | J260: OK | K260: 2026-10-09 | L260: Suite automatizada
A261: TA-260 | B261: Sprint 3 | C261: Calendario general | D261: Validar: GetOccurrencesAsync · PaginatesExpandedOccurrences | E261: Sin TC manual asociado; descripción derivada del nombre del test. | F261: Servicio con DbContext InMemory. | G261: SCRUM-15 / SCRUM-16 | I261: Vicaria.UnitTests › GeneralCalendarEventServiceTests › GetOccurrencesAsync_PaginatesExpandedOccurrences | J261: OK | K261: 2026-10-09 | L261: Suite automatizada
A262: TA-261 | B262: Sprint 3 | C262: Calendario general | D262: Validar: GetByIdAsync · ExistingEvent · ReturnsDetailWithAuthorName | E262: Sin TC manual asociado; descripción derivada del nombre del test. | F262: Servicio con DbContext InMemory. | G262: SCRUM-15 / SCRUM-16 | I262: Vicaria.UnitTests › GeneralCalendarEventServiceTests › GetByIdAsync_ExistingEvent_ReturnsDetailWithAuthorName | J262: OK | K262: 2026-10-09 | L262: Suite automatizada
A263: TA-262 | B263: Sprint 3 | C263: Calendario general | D263: Validar: GetByIdAsync · UnknownId · ReturnsNull | E263: Sin TC manual asociado; descripción derivada del nombre del test. | F263: Servicio con DbContext InMemory. | G263: SCRUM-15 / SCRUM-16 | I263: Vicaria.UnitTests › GeneralCalendarEventServiceTests › GetByIdAsync_UnknownId_ReturnsNull | J263: OK | K263: 2026-10-09 | L263: Suite automatizada
A264: TA-263 | B264: Sprint 3 | C264: Calendario personal | D264: Validar: Convertir personal a general | E264: Respalda TC-113: 200 con id del evento general; el personal desaparece; AuditLog | F264: Servicio con DbContext InMemory. | G264: SCRUM-17 | H264: 1. PUT /api/personal-calendar-events/{id}/publish → 200 con id del evento general; el personal desaparece; AuditLog | I264: Vicaria.UnitTests › PersonalCalendarEventPublishTests › PublishAsync_WhenAuthorPublishes_MovesEventToGeneralAndLogsAudit | J264: OK | K264: 2026-10-09 | L264: Suite automatizada
A265: TA-264 | B265: Sprint 3 | C265: Calendario personal | D265: Validar: Convertir evento ajeno o inexistente | E265: Respalda TC-114: 404 | F265: Servicio con DbContext InMemory. | G265: SCRUM-17 | H265: 1. PUT /publish de otro usuario / id desconocido → 404 | I265: Vicaria.UnitTests › PersonalCalendarEventPublishTests › PublishAsync_WhenEventBelongsToAnotherUser_ReturnsNotFoundAndDoesNotPublish | J265: OK | K265: 2026-10-09 | L265: Suite automatizada
A266: TA-265 | B266: Sprint 3 | C266: Calendario personal | D266: Validar: PublishAsync · WhenEventDoesNotExist · ReturnsNotFound | E266: Sin TC manual asociado; descripción derivada del nombre del test. | F266: Servicio con DbContext InMemory. | G266: SCRUM-17 | I266: Vicaria.UnitTests › PersonalCalendarEventPublishTests › PublishAsync_WhenEventDoesNotExist_ReturnsNotFound | J266: OK | K266: 2026-10-09 | L266: Suite automatizada
A267: TA-266 | B267: Sprint 3 | C267: Calendario personal | D267: Validar: GetOccurrencesAsync · ReturnsOnlyEventsOwnedByActor | E267: Sin TC manual asociado; descripción derivada del nombre del test. | F267: Servicio con DbContext InMemory. | G267: SCRUM-17 | I267: Vicaria.UnitTests › PersonalCalendarEventServiceTests › GetOccurrencesAsync_ReturnsOnlyEventsOwnedByActor | J267: OK | K267: 2026-10-09 | L267: Suite automatizada
A268: TA-267 | B268: Sprint 3 | C268: Calendario personal | D268: Validar: GetOccurrencesAsync · PaginatesExpandedOccurrences | E268: Sin TC manual asociado; descripción derivada del nombre del test. | F268: Servicio con DbContext InMemory. | G268: SCRUM-17 | I268: Vicaria.UnitTests › PersonalCalendarEventServiceTests › GetOccurrencesAsync_PaginatesExpandedOccurrences | J268: OK | K268: 2026-10-09 | L268: Suite automatizada
A269: TA-268 | B269: Sprint 3 | C269: Calendario personal | D269: Validar: GetOccurrencesAsync · WithNoOwnedEvents · ReturnsEmptyPage | E269: Sin TC manual asociado; descripción derivada del nombre del test. | F269: Servicio con DbContext InMemory. | G269: SCRUM-17 | I269: Vicaria.UnitTests › PersonalCalendarEventServiceTests › GetOccurrencesAsync_WithNoOwnedEvents_ReturnsEmptyPage | J269: OK | K269: 2026-10-09 | L269: Suite automatizada
A270: TA-269 | B270: Sprint 3 | C270: Calendario personal | D270: Validar: GetByIdAsync · OwnEvent · ReturnsDetail | E270: Sin TC manual asociado; descripción derivada del nombre del test. | F270: Servicio con DbContext InMemory. | G270: SCRUM-17 | I270: Vicaria.UnitTests › PersonalCalendarEventServiceTests › GetByIdAsync_OwnEvent_ReturnsDetail | J270: OK | K270: 2026-10-09 | L270: Suite automatizada
A271: TA-270 | B271: Sprint 3 | C271: Calendario personal | D271: Validar: GetByIdAsync · OtherUsersEvent · ReturnsNull | E271: Sin TC manual asociado; descripción derivada del nombre del test. | F271: Servicio con DbContext InMemory. | G271: SCRUM-17 | I271: Vicaria.UnitTests › PersonalCalendarEventServiceTests › GetByIdAsync_OtherUsersEvent_ReturnsNull | J271: OK | K271: 2026-10-09 | L271: Suite automatizada
A272: TA-271 | B272: Sprint 3 | C272: Calendario personal | D272: Validar: GetByIdAsync · UnknownId · ReturnsNull | E272: Sin TC manual asociado; descripción derivada del nombre del test. | F272: Servicio con DbContext InMemory. | G272: SCRUM-17 | I272: Vicaria.UnitTests › PersonalCalendarEventServiceTests › GetByIdAsync_UnknownId_ReturnsNull | J272: OK | K272: 2026-10-09 | L272: Suite automatizada
A273: TA-272 | B273: Sprint 3 | C273: Calendario personal | D273: Validar: CreateAsync · StoresEventWithActorAsAuthor · AndOnlyOwnerSeesIt | E273: Sin TC manual asociado; descripción derivada del nombre del test. | F273: Servicio con DbContext InMemory. | G273: SCRUM-17 | I273: Vicaria.UnitTests › PersonalCalendarEventServiceTests › CreateAsync_StoresEventWithActorAsAuthor_AndOnlyOwnerSeesIt | J273: OK | K273: 2026-10-09 | L273: Suite automatizada
A274: TA-273 | B274: Sprint 3 | C274: Calendario personal | D274: Validar: Editar evento propio | E274: Respalda TC-108: 204; AuditLog "Evento personal modificado" | F274: Servicio con DbContext InMemory. | G274: SCRUM-17 | H274: 1. PUT /api/personal-calendar-events/{id} → 204; AuditLog "Evento personal modificado" | I274: Vicaria.UnitTests › PersonalCalendarEventUpdateDeleteTests › UpdateAsync_WhenAuthor_UpdatesFieldsAndLogsAudit | J274: OK | K274: 2026-10-09 | L274: Suite automatizada
A275: TA-274 | B275: Sprint 3 | C275: Calendario personal | D275: Validar: Editar o borrar evento ajeno | E275: Respalda TC-109: 404 (no revela existencia) | F275: Servicio con DbContext InMemory. | G275: SCRUM-17 | H275: 1. PUT / DELETE de otro usuario → 404 (no revela existencia) | I275: Vicaria.UnitTests › PersonalCalendarEventUpdateDeleteTests › UpdateAsync_WhenNotAuthor_ReturnsNotFoundAndKeepsEvent | J275: OK | K275: 2026-10-09 | L275: Suite automatizada
A276: TA-275 | B276: Sprint 3 | C276: Calendario personal | D276: Validar: Eliminar evento propio | E276: Respalda TC-111: 204; detalle 404; AuditLog "Evento personal eliminado" | F276: Servicio con DbContext InMemory. | G276: SCRUM-17 | H276: 1. DELETE /api/personal-calendar-events/{id} → 204; detalle 404; AuditLog "Evento personal eliminado" | I276: Vicaria.UnitTests › PersonalCalendarEventUpdateDeleteTests › DeleteAsync_WhenAuthor_RemovesEventAndLogsAudit | J276: OK | K276: 2026-10-09 | L276: Suite automatizada
A277: TA-276 | B277: Sprint 3 | C277: Calendario personal | D277: Validar: DeleteAsync · WhenNotAuthor · ReturnsNotFoundAndKeepsEvent | E277: Sin TC manual asociado; descripción derivada del nombre del test. | F277: Servicio con DbContext InMemory. | G277: SCRUM-17 | I277: Vicaria.UnitTests › PersonalCalendarEventUpdateDeleteTests › DeleteAsync_WhenNotAuthor_ReturnsNotFoundAndKeepsEvent | J277: OK | K277: 2026-10-09 | L277: Suite automatizada
A278: TA-277 | B278: Sprint 3 | C278: Visitas de la Casa de Convivencia | D278: Validar: Escucha sin acceso a visitas | E278: Respalda TC-128: 403 | F278: Servicio con DbContext InMemory. | G278: SCRUM-74 | H278: 1. GET / PATCH con Esc → 403 | I278: Vicaria.UnitTests › CasonaVisitsAuthorizationTests › Controller_HasAuthorizeAttribute_RestrictedToExpectedRoles | J278: OK | K278: 2026-10-09 | L278: Suite automatizada
A279: TA-278 | B279: Sprint 3 | C279: Visitas de la Casa de Convivencia | D279: Validar: Escucha sin acceso a visitas | E279: Respalda TC-128: 403 | F279: Servicio con DbContext InMemory. | G279: SCRUM-74 | H279: 1. GET / PATCH con Esc → 403 | I279: Vicaria.UnitTests › CasonaVisitsAuthorizationTests › GetByRange_DoesNotAllowListenerRole | J279: OK | K279: 2026-10-09 | L279: Suite automatizada
A280: TA-279 | B280: Sprint 3 | C280: Visitas de la Casa de Convivencia | D280: Validar: CreateAsync · WithValidDto · PersistsVisitPendingWithActorAndTrimmedName | E280: Sin TC manual asociado; descripción derivada del nombre del test. | F280: Servicio con DbContext InMemory. | G280: SCRUM-74 | I280: Vicaria.UnitTests › CasonaVisitServiceTests › CreateAsync_WithValidDto_PersistsVisitPendingWithActorAndTrimmedName | J280: OK | K280: 2026-10-09 | L280: Suite automatizada
A281: TA-280 | B281: Sprint 3 | C281: Visitas de la Casa de Convivencia | D281: Validar: CreateAsync · WithValidDto · WritesAuditLogEntry | E281: Sin TC manual asociado; descripción derivada del nombre del test. | F281: Servicio con DbContext InMemory. | G281: SCRUM-74 | I281: Vicaria.UnitTests › CasonaVisitServiceTests › CreateAsync_WithValidDto_WritesAuditLogEntry | J281: OK | K281: 2026-10-09 | L281: Suite automatizada
A282: TA-281 | B282: Sprint 3 | C282: Visitas de la Casa de Convivencia | D282: Validar: CreateAsync · UnknownPerson · ReturnsPersonNotFound | E282: Sin TC manual asociado; descripción derivada del nombre del test. | F282: Servicio con DbContext InMemory. | G282: SCRUM-74 | I282: Vicaria.UnitTests › CasonaVisitServiceTests › CreateAsync_UnknownPerson_ReturnsPersonNotFound | J282: OK | K282: 2026-10-09 | L282: Suite automatizada
A283: TA-282 | B283: Sprint 3 | C283: Visitas de la Casa de Convivencia | D283: Validar: CreateAsync · PersonNotResident · ReturnsPersonNotResident | E283: Sin TC manual asociado; descripción derivada del nombre del test. | F283: Servicio con DbContext InMemory. | G283: SCRUM-74 | I283: Vicaria.UnitTests › CasonaVisitServiceTests › CreateAsync_PersonNotResident_ReturnsPersonNotResident | J283: OK | K283: 2026-10-09 | L283: Suite automatizada
A284: TA-283 | B284: Sprint 3 | C284: Visitas de la Casa de Convivencia | D284: Validar: CreateAsync · WithoutOpenStay · ReturnsNoOpenStay | E284: Sin TC manual asociado; descripción derivada del nombre del test. | F284: Servicio con DbContext InMemory. | G284: SCRUM-74 | I284: Vicaria.UnitTests › CasonaVisitServiceTests › CreateAsync_WithoutOpenStay_ReturnsNoOpenStay | J284: OK | K284: 2026-10-09 | L284: Suite automatizada
A285: TA-284 | B285: Sprint 3 | C285: Visitas de la Casa de Convivencia | D285: Validar: CreateAsync · WithOverlappingVisit · ReturnsTimeOverlap | E285: Sin TC manual asociado; descripción derivada del nombre del test. | F285: Servicio con DbContext InMemory. | G285: SCRUM-74 | I285: Vicaria.UnitTests › CasonaVisitServiceTests › CreateAsync_WithOverlappingVisit_ReturnsTimeOverlap | J285: OK | K285: 2026-10-09 | L285: Suite automatizada
A286: TA-285 | B286: Sprint 3 | C286: Visitas de la Casa de Convivencia | D286: Validar: CreateAsync · WithAdjacentVisit · Ok | E286: Sin TC manual asociado; descripción derivada del nombre del test. | F286: Servicio con DbContext InMemory. | G286: SCRUM-74 | I286: Vicaria.UnitTests › CasonaVisitServiceTests › CreateAsync_WithAdjacentVisit_Ok | J286: OK | K286: 2026-10-09 | L286: Suite automatizada
A287: TA-286 | B287: Sprint 3 | C287: Visitas de la Casa de Convivencia | D287: Validar: UpdateAsync · OnNonPendingVisit · ReturnsInvalidState | E287: Sin TC manual asociado; descripción derivada del nombre del test. | F287: Servicio con DbContext InMemory. | G287: SCRUM-74 | I287: Vicaria.UnitTests › CasonaVisitServiceTests › UpdateAsync_OnNonPendingVisit_ReturnsInvalidState | J287: OK | K287: 2026-10-09 | L287: Suite automatizada
A288: TA-287 | B288: Sprint 3 | C288: Visitas de la Casa de Convivencia | D288: Validar: UpdateAsync · UnknownVisit · ReturnsNotFound | E288: Sin TC manual asociado; descripción derivada del nombre del test. | F288: Servicio con DbContext InMemory. | G288: SCRUM-74 | I288: Vicaria.UnitTests › CasonaVisitServiceTests › UpdateAsync_UnknownVisit_ReturnsNotFound | J288: OK | K288: 2026-10-09 | L288: Suite automatizada
A289: TA-288 | B289: Sprint 3 | C289: Visitas de la Casa de Convivencia | D289: Validar: UpdateAsync · OnPendingVisit · PersistsChangesAndWritesAuditLog | E289: Sin TC manual asociado; descripción derivada del nombre del test. | F289: Servicio con DbContext InMemory. | G289: SCRUM-74 | I289: Vicaria.UnitTests › CasonaVisitServiceTests › UpdateAsync_OnPendingVisit_PersistsChangesAndWritesAuditLog | J289: OK | K289: 2026-10-09 | L289: Suite automatizada
A290: TA-289 | B290: Sprint 3 | C290: Visitas de la Casa de Convivencia | D290: Validar: UpdateAsync · MarkingCompletedAPastVisit · Ok | E290: Sin TC manual asociado; descripción derivada del nombre del test. | F290: Servicio con DbContext InMemory. | G290: SCRUM-74 | I290: Vicaria.UnitTests › CasonaVisitServiceTests › UpdateAsync_MarkingCompletedAPastVisit_Ok | J290: OK | K290: 2026-10-09 | L290: Suite automatizada
A291: TA-290 | B291: Sprint 3 | C291: Visitas de la Casa de Convivencia | D291: Validar: UpdateAsync · MovingVisitToPast · ReturnsVisitInPast | E291: Sin TC manual asociado; descripción derivada del nombre del test. | F291: Servicio con DbContext InMemory. | G291: SCRUM-74 | I291: Vicaria.UnitTests › CasonaVisitServiceTests › UpdateAsync_MovingVisitToPast_ReturnsVisitInPast | J291: OK | K291: 2026-10-09 | L291: Suite automatizada
... A297: TA-296 | B297: Sprint 3 | C297: Visitas de la Casa de Convivencia | D297: Validar: GetByRangeAsync · EmptyRange · ReturnsEmptyPagedResult | E297: Sin TC manual asociado; descripción derivada del nombre del test. | F297: Servicio con DbContext InMemory. | G297: SCRUM-74 | I297: Vicaria.UnitTests › CasonaVisitServiceTests › GetByRangeAsync_EmptyRange_ReturnsEmptyPagedResult | J297: OK | K297: 2026-10-09 | L297: Suite automatizada
A298: TA-297 | B298: Sprint 3 | C298: Visitas de la Casa de Convivencia | D298: Validar: Marcar visita realizada | E298: Respalda TC-124: 204; queda Completed; AuditLog "Visita marcada como realizada" | F298: Servicio con DbContext InMemory. | G298: SCRUM-74 | H298: 1. PATCH /api/casona-visits/{id}/status {status: 1} → 204; queda Completed; AuditLog "Visita marcada como realizada" | I298: Vicaria.UnitTests › CasonaVisitStatusAndOverlapTests › ChangeStatusAsync_WhenChangingToCompleted_UpdatesStatusAndLogsAudit | J298: OK | K298: 2026-10-09 | L298: Suite automatizada
A299: TA-298 | B299: Sprint 3 | C299: Visitas de la Casa de Convivencia | D299: Validar: Cancelar con motivo | E299: Respalda TC-125: 204; guarda el motivo; AuditLog "Visita cancelada" | F299: Servicio con DbContext InMemory. | G299: SCRUM-74 | H299: 1. PATCH {status: 2, cancellationReason} → 204; guarda el motivo; AuditLog "Visita cancelada" | I299: Vicaria.UnitTests › CasonaVisitStatusAndOverlapTests › ChangeStatusAsync_WhenChangingToCancelled_SavesReasonAndLogsAudit | J299: OK | K299: 2026-10-09 | L299: Suite automatizada
A300: TA-299 | B300: Sprint 3 | C300: Visitas de la Casa de Convivencia | D300: Validar: Estado inválido / visita inexistente | E300: Respalda TC-126: 400 / 404 | F300: Servicio con DbContext InMemory. | G300: SCRUM-74 | H300: 1. PATCH {status: 9}; id desconocido → 400 / 404 | I300: Vicaria.UnitTests › CasonaVisitStatusAndOverlapTests › ChangeStatusAsync_WhenVisitNotFound_ReturnsNotFound | J300: OK | K300: 2026-10-09 | L300: Suite automatizada
A301: TA-300 | B301: Sprint 3 | C301: Visitas de la Casa de Convivencia | D301: Validar: Horario liberado por una cancelada | E301: Respalda TC-127: 201 (no hay conflicto) | F301: Servicio con DbContext InMemory. | G301: SCRUM-74 | H301: 1. Alta en el horario de una visita Cancelada → 201 (no hay conflicto) | I301: Vicaria.UnitTests › CasonaVisitStatusAndOverlapTests › CreateAsync_WhenSlotWasOccupiedByCancelledVisit_DoesNotConflict | J301: OK | K301: 2026-10-09 | L301: Suite automatizada
A302: TA-301 | B302: Sprint 3 | C302: Colaboradores | D302: Validar: Detalle de colaborador | E302: Respalda TC-121: 200 con datos completos, estado y quién lo registró | F302: Servicio con DbContext InMemory. | G302: SCRUM-19 | H302: 1. GET /api/collaborators/{id} con cualquier rol autenticado → 200 con datos completos, estado y quién lo registró | I302: Vicaria.UnitTests › CollaboratorGetByIdTests › GetByIdAsync_WhenCollaboratorExists_ReturnsAllDetailsAndRegistrarName | J302: OK | K302: 2026-10-09 | L302: Suite automatizada
A303: TA-302 | B303: Sprint 3 | C303: Colaboradores | D303: Validar: GetByIdAsync · WhenCollaboratorDoesNotExist · ReturnsNotFound | E303: Sin TC manual asociado; descripción derivada del nombre del test. | F303: Servicio con DbContext InMemory. | G303: SCRUM-18 / SCRUM-19 | I303: Vicaria.UnitTests › CollaboratorGetByIdTests › GetByIdAsync_WhenCollaboratorDoesNotExist_ReturnsNotFound | J303: OK | K303: 2026-10-09 | L303: Suite automatizada
A304: TA-303 | B304: Sprint 3 | C304: Colaboradores | D304: Validar: SearchAsync · WithPartialFirstName · FindsCollaborator | E304: Sin TC manual asociado; descripción derivada del nombre del test. | F304: Servicio con DbContext InMemory. | G304: SCRUM-18 / SCRUM-19 | I304: Vicaria.UnitTests › CollaboratorSearchTests › SearchAsync_WithPartialFirstName_FindsCollaborator | J304: OK | K304: 2026-10-09 | L304: Suite automatizada
A305: TA-304 | B305: Sprint 3 | C305: Colaboradores | D305: Validar: SearchAsync · IgnoresAccentsAndCase | E305: Sin TC manual asociado; descripción derivada del nombre del test. | F305: Servicio con DbContext InMemory. | G305: SCRUM-18 / SCRUM-19 | I305: Vicaria.UnitTests › CollaboratorSearchTests › SearchAsync_IgnoresAccentsAndCase | J305: OK | K305: 2026-10-09 | L305: Suite automatizada
A306: TA-305 | B306: Sprint 3 | C306: Colaboradores | D306: Validar: SearchAsync · MatchesLastNameAndWorkArea | E306: Sin TC manual asociado; descripción derivada del nombre del test. | F306: Servicio con DbContext InMemory. | G306: SCRUM-18 / SCRUM-19 | I306: Vicaria.UnitTests › CollaboratorSearchTests › SearchAsync_MatchesLastNameAndWorkArea | J306: OK | K306: 2026-10-09 | L306: Suite automatizada
A307: TA-306 | B307: Sprint 3 | C307: Colaboradores | D307: Validar: SearchAsync · WithEmptyOrNullQuery · ReturnsEmptyList | E307: Sin TC manual asociado; descripción derivada del nombre del test. | F307: Servicio con DbContext InMemory. | G307: SCRUM-18 / SCRUM-19 | I307: Vicaria.UnitTests › CollaboratorSearchTests › SearchAsync_WithEmptyOrNullQuery_ReturnsEmptyList | J307: OK | K307: 2026-10-09 | L307: Suite automatizada
A308: TA-307 | B308: Sprint 3 | C308: Colaboradores | D308: Validar: SearchAsync · WithTypeFilter · ReturnsOnlyThatType | E308: Sin TC manual asociado; descripción derivada del nombre del test. | F308: Servicio con DbContext InMemory. | G308: SCRUM-18 / SCRUM-19 | I308: Vicaria.UnitTests › CollaboratorSearchTests › SearchAsync_WithTypeFilter_ReturnsOnlyThatType | J308: OK | K308: 2026-10-09 | L308: Suite automatizada
A309: TA-308 | B309: Sprint 3 | C309: Colaboradores | D309: Validar: SearchAsync · WithNullLastName · ComposesFullNameWithFirstNameOnly | E309: Sin TC manual asociado; descripción derivada del nombre del test. | F309: Servicio con DbContext InMemory. | G309: SCRUM-18 / SCRUM-19 | I309: Vicaria.UnitTests › CollaboratorSearchTests › SearchAsync_WithNullLastName_ComposesFullNameWithFirstNameOnly | J309: OK | K309: 2026-10-09 | L309: Suite automatizada
A310: TA-309 | B310: Sprint 3 | C310: Colaboradores | D310: Validar: SearchAsync · WithLikeWildcards · TreatsThemLiterally | E310: Sin TC manual asociado; descripción derivada del nombre del test. | F310: Servicio con DbContext InMemory. | G310: SCRUM-18 / SCRUM-19 | I310: Vicaria.UnitTests › CollaboratorSearchTests › SearchAsync_WithLikeWildcards_TreatsThemLiterally | J310: OK | K310: 2026-10-09 | L310: Suite automatizada
A311: TA-310 | B311: Sprint 3 | C311: Colaboradores | D311: Validar: SearchAsync · WithoutMatches · ReturnsEmptyList | E311: Sin TC manual asociado; descripción derivada del nombre del test. | F311: Servicio con DbContext InMemory. | G311: SCRUM-18 / SCRUM-19 | I311: Vicaria.UnitTests › CollaboratorSearchTests › SearchAsync_WithoutMatches_ReturnsEmptyList | J311: OK | K311: 2026-10-09 | L311: Suite automatizada
A312: TA-311 | B312: Sprint 3 | C312: Colaboradores | D312: Validar: ListAsync · ReturnsAllOrderedByNameWithRegisteredByName | E312: Sin TC manual asociado; descripción derivada del nombre del test. | F312: Servicio con DbContext InMemory. | G312: SCRUM-18 / SCRUM-19 | I312: Vicaria.UnitTests › CollaboratorSearchTests › ListAsync_ReturnsAllOrderedByNameWithRegisteredByName | J312: OK | K312: 2026-10-09 | L312: Suite automatizada
A313: TA-312 | B313: Sprint 3 | C313: Colaboradores | D313: Validar: CreateAsync · WithValidDto · PersistsCollaboratorWithActorAndTrimmedValues | E313: Sin TC manual asociado; descripción derivada del nombre del test. | F313: Servicio con DbContext InMemory. | G313: SCRUM-18 / SCRUM-19 | I313: Vicaria.UnitTests › CollaboratorServiceTests › CreateAsync_WithValidDto_PersistsCollaboratorWithActorAndTrimmedValues | J313: OK | K313: 2026-10-09 | L313: Suite automatizada
A314: TA-313 | B314: Sprint 3 | C314: Colaboradores | D314: Validar: CreateAsync · WithValidDto · WritesAuditLogEntry | E314: Sin TC manual asociado; descripción derivada del nombre del test. | F314: Servicio con DbContext InMemory. | G314: SCRUM-18 / SCRUM-19 | I314: Vicaria.UnitTests › CollaboratorServiceTests › CreateAsync_WithValidDto_WritesAuditLogEntry | J314: OK | K314: 2026-10-09 | L314: Suite automatizada
... A319: TA-318 | B319: Sprint 3 | C319: Colaboradores | D319: Validar: CreateAsync · WithDifferentDni · Succeeds | E319: Sin TC manual asociado; descripción derivada del nombre del test. | F319: Servicio con DbContext InMemory. | G319: SCRUM-18 / SCRUM-19 | I319: Vicaria.UnitTests › CollaboratorServiceTests › CreateAsync_WithDifferentDni_Succeeds | J319: OK | K319: 2026-10-09 | L319: Suite automatizada
A320: TA-319 | B320: Sprint 3 | C320: Colaboradores | D320: Validar: Editar colaborador | E320: Respalda TC-115: 204; el detalle refleja los cambios; AuditLog "Colaborador modificado" | F320: Servicio con DbContext InMemory. | G320: SCRUM-18 | H320: 1. PUT /api/collaborators/{id} con Ref → 204; el detalle refleja los cambios; AuditLog "Colaborador modificado" | I320: Vicaria.UnitTests › CollaboratorUpdateTests › UpdateAsync_WithValidDto_UpdatesFieldsAndTrimsValues | J320: OK | K320: 2026-10-09 | L320: Suite automatizada
A321: TA-320 | B321: Sprint 3 | C321: Colaboradores | D321: Validar: DNI duplicado al editar | E321: Respalda TC-118: 409; conservar el propio DNI es válido | F321: Servicio con DbContext InMemory. | G321: SCRUM-18 | H321: 1. PUT con DNI de otro colaborador → 409; conservar el propio DNI es válido | I321: Vicaria.UnitTests › CollaboratorUpdateTests › UpdateAsync_WhenKeepingSameDni_Succeeds | J321: OK | K321: 2026-10-09 | L321: Suite automatizada
A322: TA-321 | B322: Sprint 3 | C322: Colaboradores | D322: Validar: UpdateAsync · WithNonExistentId · ReturnsNotFound | E322: Sin TC manual asociado; descripción derivada del nombre del test. | F322: Servicio con DbContext InMemory. | G322: SCRUM-18 / SCRUM-19 | I322: Vicaria.UnitTests › CollaboratorUpdateTests › UpdateAsync_WithNonExistentId_ReturnsNotFound | J322: OK | K322: 2026-10-09 | L322: Suite automatizada
A323: TA-322 | B323: Sprint 3 | C323: Colaboradores | D323: Validar: UpdateAsync · WithDuplicateDniBelongingToAnotherCollaborator · ReturnsDuplicateDni | E323: Sin TC manual asociado; descripción derivada del nombre del test. | F323: Servicio con DbContext InMemory. | G323: SCRUM-18 / SCRUM-19 | I323: Vicaria.UnitTests › CollaboratorUpdateTests › UpdateAsync_WithDuplicateDniBelongingToAnotherCollaborator_ReturnsDuplicateDni | J323: OK | K323: 2026-10-09 | L323: Suite automatizada
A324: TA-323 | B324: Sprint 3 | C324: Colaboradores | D324: Validar: Baja lógica | E324: Respalda TC-116: 204; el listado lo marca inactivo; AuditLog "Colaborador dado de baja" | F324: Servicio con DbContext InMemory. | G324: SCRUM-18 | H324: 1. PUT con isActive: false → 204; el listado lo marca inactivo; AuditLog "Colaborador dado de baja" | I324: Vicaria.UnitTests › CollaboratorUpdateTests › UpdateAsync_WhenDeactivating_WritesDeactivatedAuditLog | J324: OK | K324: 2026-10-09 | L324: Suite automatizada
A325: TA-324 | B325: Sprint 3 | C325: Colaboradores | D325: Validar: Reactivación | E325: Respalda TC-117: 204; AuditLog "Colaborador reactivado" | F325: Servicio con DbContext InMemory. | G325: SCRUM-18 | H325: 1. PUT con isActive: true sobre uno inactivo → 204; AuditLog "Colaborador reactivado" | I325: Vicaria.UnitTests › CollaboratorUpdateTests › UpdateAsync_WhenReactivating_WritesReactivatedAuditLog | J325: OK | K325: 2026-10-09 | L325: Suite automatizada
A326: TA-325 | B326: Sprint 3 | C326: Colaboradores | D326: Validar: UpdateAsync · WhenOnlyModifyingData · WritesModifiedAuditLog | E326: Sin TC manual asociado; descripción derivada del nombre del test. | F326: Servicio con DbContext InMemory. | G326: SCRUM-18 / SCRUM-19 | I326: Vicaria.UnitTests › CollaboratorUpdateTests › UpdateAsync_WhenOnlyModifyingData_WritesModifiedAuditLog | J326: OK | K326: 2026-10-09 | L326: Suite automatizada
A327: TA-326 | B327: Sprint 3 | C327: Calendario general | D327: Validar: Evento mensual | E327: Respalda TC-137: Aparece el mismo día de cada mes; no aparece otros días ni antes de su fecha | F327: API levantada con WebApplicationFactory. | G327: SCRUM-16 | H327: 1. POST /api/general-calendar-events con repeatsMonthly: true y consultar el mismo día de meses posteriores → Aparece el mismo día de cada mes; no aparece otros días ni antes de su fecha | I327: Vicaria.IntegrationTests › GeneralCalendarEventsEndpointTests › Post_MonthlyEvent_AppearsOnSameDayOfLaterMonths | J327: OK | K327: 2026-10-09 | L327: Suite automatizada
A328: TA-327 | B328: Sprint 3 | C328: Calendario general | D328: Validar: Serie iniciada antes del rango | E328: Respalda TC-139: Se muestra (antes solo aparecía en su semana de inicio) | F328: API levantada con WebApplicationFactory. | G328: SCRUM-16 | H328: 1. Evento semanal creado en octubre, consultar una semana de diciembre → Se muestra (antes solo aparecía en su semana de inicio) | I328: Vicaria.IntegrationTests › GeneralCalendarEventsEndpointTests › Post_WeeklyEventStartedBeforeRange_AppearsInLaterWeeks | J328: OK | K328: 2026-10-09 | L328: Suite automatizada
A329: TA-328 | B329: Sprint 3 | C329: Calendario general | D329: Validar: Mensual combinado con días | E329: Respalda TC-140: 400 | F329: API levantada con WebApplicationFactory. | G329: SCRUM-16 | H329: 1. repeatsMonthly: true y recurrenceDays con valor → 400 | I329: Vicaria.IntegrationTests › GeneralCalendarEventsEndpointTests › Post_MonthlyCombinedWithWeekDays_Returns400 | J329: OK | K329: 2026-10-09 | L329: Suite automatizada
A330: TA-329 | B330: Sprint 3 | C330: Calendario general | D330: Validar: Pasar un evento a mensual | E330: Respalda TC-141: 204; el detalle informa repeatsMonthly | F330: API levantada con WebApplicationFactory. | G330: SCRUM-16 | H330: 1. PUT con repeatsMonthly: true → 204; el detalle informa repeatsMonthly | I330: Vicaria.IntegrationTests › GeneralCalendarEventsEndpointTests › Put_TurnsEventIntoMonthly_AndDetailReportsIt | J330: OK | K330: 2026-10-09 | L330: Suite automatizada
A331: TA-330 | B331: Sprint 3 | C331: Calendario general | D331: Validar: Editar evento (Referente) | E331: Respalda TC-100: 204; el detalle refleja el cambio; AuditLog "Evento general modificado" | F331: API levantada con WebApplicationFactory. | G331: SCRUM-16 | H331: 1. PUT /api/general-calendar-events/{id} con nuevos datos → 204; el detalle refleja el cambio; AuditLog "Evento general modificado" | I331: Vicaria.IntegrationTests › GeneralCalendarEventsEndpointTests › Put_ByReferent_Returns204AndChangesDetail | J331: OK | K331: 2026-10-09 | L331: Suite automatizada
A332: TA-331 | B332: Sprint 3 | C332: Calendario general | D332: Validar: Título vacío al editar | E332: Respalda TC-103: 400 | F332: API levantada con WebApplicationFactory. | G332: SCRUM-16 | H332: 1. PUT con title vacío → 400 | I332: Vicaria.IntegrationTests › GeneralCalendarEventsEndpointTests › Put_WithEmptyTitle_Returns400 | J332: OK | K332: 2026-10-09 | L332: Suite automatizada
A333: TA-332 | B333: Sprint 3 | C333: Calendario general | D333: Validar: Evento inexistente | E333: Respalda TC-104: 404 | F333: API levantada con WebApplicationFactory. | G333: SCRUM-16 | H333: 1. PUT / DELETE con id desconocido → 404 | I333: Vicaria.IntegrationTests › GeneralCalendarEventsEndpointTests › Put_UnknownEvent_Returns404 | J333: OK | K333: 2026-10-09 | L333: Suite automatizada
A334: TA-333 | B334: Sprint 3 | C334: Calendario general | D334: Validar: Sin permiso sobre evento ajeno | E334: Respalda TC-102: 403 | F334: API levantada con WebApplicationFactory. | G334: SCRUM-16 | H334: 1. PUT / DELETE de un no-autor y no-Referente → 403 | I334: Vicaria.IntegrationTests › GeneralCalendarEventsEndpointTests › Put_ByNonAuthorNonReferent_Returns403 | J334: OK | K334: 2026-10-09 | L334: Suite automatizada
...

Sheet Defectos y pendientes
A1: # | B1: Tipo | C1: Descripción | D1: Origen / Jira | E1: Estado | F1: Detalle
A2: 1 | B2: Defecto | C2: Validadores de edición/estado no registrados en la inyección de dependencias: los endpoints PUT de eventos generales, PUT de colaboradores y PATCH de estado de visitas respondían 500. | D2: SCRUM-190 / 200 / 211 (dev-backend) | E2: Corregido en dev | F2: Se registraron en Program.cs y se agregaron tests HTTP. Falta llevar el arreglo a dev-backend.
A3: 2 | B3: Defecto | C3: El listado de colaboradores no devolvía el estado activo/inactivo. | D3: SCRUM-200 | E3: Corregido en dev | F3: CollaboratorListItemDto ahora incluye isActive.
A4: 3 | B4: Brecha | C4: No existían edición ni borrado de eventos personales en el backend. | D4: SCRUM-17 / 197 | E4: Corregido en dev | F4: PUT y DELETE api/personal-calendar-events/{id} con auditoría y tests.
A5: 4 | B5: Test desactualizado | C5: Get_WithEachAuthorizedRole_Returns200 incluía al rol Escucha, excluido por SCRUM-212. | D5: SCRUM-212 | E5: Corregido | F5: Se quitó Escucha de los roles autorizados del test.
A6: 5 | B6: Defecto preexistente | C6: Los ítems del menú Inicio, Asistencia, Medicación e Informes apuntan a /inicio, una ruta sin pantalla (página vacía). Está en main. | D6: Frontend (Sprint 1-2) | E6: Abierta | F6: Detectado en la prueba de humo por rol: 4 de 15 pantallas; las demás cargan sin errores de API ni de consola.
A7: 6 | B7: Defecto | C7: Las series recurrentes con fecha de inicio anterior al rango consultado no se expandían: un evento semanal solo aparecía en su semana de inicio. | D7: SCRUM-189 / 194 | E7: Corregido en dev | F7: La consulta incluye las series iniciadas antes del rango; hay tests unitarios y de integración.
A8: 7 | B8: Decisión resuelta | C8: Solapamiento de visitas: es una advertencia. El backend responde 409 con el aviso y acepta allowOverlap para guardar igual. | D8: SCRUM-211 | E8: Resuelta 2026-10-09 | F8: El frontend reenvía con allowOverlap cuando la persona vuelve a tocar Guardar.
A9: 8 | B9: Decisión resuelta | C9: Motivo de cancelación de visita: es opcional. | D9: SCRUM-74 | E9: Resuelta 2026-10-09 | F9: El PUT ya no lo exige y el frontend no manda un texto por defecto.
A10: 9 | B10: Mejora | C10: Recurrencia mensual de eventos (mismo día de cada mes; en meses cortos, el último día). | D10: SCRUM-16 / 189 | E10: Implementada | F10: Columna repeats_monthly y migración AddCalendarEventMonthlyRecurrence.
A11: 10 | B11: Limitación | C11: Al editar una ocurrencia de una serie, la fecha del formulario es la de esa ocurrencia y la serie pasa a empezar ese día. | D11: SCRUM-190 | E11: Abierta | F11: Una mejora posible es exponer la fecha de inicio de la serie en la ocurrencia.
A12: 11 | B12: Pendiente | C12: Las ramas dev-backend y dev-frontend no tienen los cambios de dev. | D12: Git | E12: Abierta | F12: Sincronizar por PR antes de que sigan Emir y Belén.
A13: 12 | B13: Pendiente | C13: Jira: SCRUM-198 y SCRUM-215 (QA) siguen 'En curso'. | D13: Jira | E13: Abierta | F13: Cerrar con el resultado de esta ejecución.
